"STUDENT_ID","DAYS_ATTENDED","AVG_GRADE"
780,170,60.666666666666664
760,165,68.5
740,168,71.66666666666667
750,166,80
710,160,84
730,169,86
720,159,92.33333333333333
770,167,95
