"AVG_GRADE","STUDENT_COUNT"
60.666666666666664,1
68.5,1
71.66666666666667,1
80,1
84,1
86,1
92.33333333333333,1
95,1
